job title,company_name,link
 Python Developer , Webinterpret ,https://nofluffjobs.com/pl/job/python-developer-webinterpret-remote-pnqst1vq
 Senior Phyton Developer , Why? ,https://nofluffjobs.com/pl/job/senior-phyton-developer-why-remote-qllezfxw
 Python Big Data Developer , ERGO Technology & Services ,https://nofluffjobs.com/pl/job/python-big-data-developer-ergo-technology-services-warsaw-mmzqipbk
" Fullstack Developer (Django, React) "," Saventic Health Sp z o.o, ",https://nofluffjobs.com/pl/job/fullstack-developer-django-react-saventic-health-torun-drcobzxu
 Data Engineer , eSky Group ,https://nofluffjobs.com/pl/job/data-engineer-esky-group-remote-uppnkh0m
 Backend/Cloud Lead Engineer , Unravel ,https://nofluffjobs.com/pl/job/backend-cloud-lead-engineer-unravel-remote-gqvwasnt
 Python Developer with Azure , Lingaro ,https://nofluffjobs.com/pl/job/python-developer-with-azure-lingaro-remote-qxqj4kyn
 Python Developer , Amartus Polska Sp. z o.o. ,https://nofluffjobs.com/pl/job/python-developer-amartus-polska-remote-gm5dq6bu
 Junior Full Stack Developer , ImpiCode ,https://nofluffjobs.com/pl/job/junior-full-stack-developer-impicode-remote-2ddxjg0t
 Python / Data Team Lead / remote , ComScore ,https://nofluffjobs.com/pl/job/python-data-team-lead-remote-comscore-imtdccoc
 Senior Python Engineer , GogoApps ,https://nofluffjobs.com/pl/job/senior-python-engineer-gogoapps-remote-4e3jtat5
 Remote Senior Data Engineer with Python , INUITS ,https://nofluffjobs.com/pl/job/remote-senior-data-engineer-with-python-inuits-bwmh1iov
 Software Engineer (Synthetic API) , Affirm ,https://nofluffjobs.com/pl/job/software-engineer-synthetic-api-affirm-remote-pmw7ytyd
 Remote Python Developer , SoftKraft ,https://nofluffjobs.com/pl/job/remote-python-developer-softkraft-lho9etqp
 Data Engineer (Remote) , deepsense.ai Sp. z o.o. ,https://nofluffjobs.com/pl/job/data-engineer-remote-deepsense-ai-9z4twu9k
 Python Developer , Devire Sp. z o.o. ,https://nofluffjobs.com/pl/job/python-developer-devire-remote-9m5vlfo2
 Remote Mid Data Scientist , ING BANK ≈öLƒÑSKI SP√ì≈ÅKA AKCYJNA ,https://nofluffjobs.com/pl/job/remote-mid-data-scientist-ing-bank-slaski-spolka-akcyjna-ozigt4vc
 (Not so) Regular Python Developer , u2i ,https://nofluffjobs.com/pl/job/not-so-regular-python-developer-u2i-krakow-6cap13mm
 Senior Python Software Engineer Security , CodiLime ,https://nofluffjobs.com/pl/job/senior-python-software-engineer-security-codilime-remote-4wpe0xrg
 Remote Fullstack Python Engineer , Solwit SA ,https://nofluffjobs.com/pl/job/remote-fullstack-python-engineer-solwit-gqshkzy7
 Senior ML Engineer / MLOps , Tango.me ,https://nofluffjobs.com/pl/job/senior-ml-engineer-mlops-tango-me-warszawa-sb0a8s8z
 Python Developer , BPX Sp. z o.o. ,https://nofluffjobs.com/pl/job/python-developer-bpx-remote-qbocxmh9
 Senior Backend Engineer , Nostos Genomics ,https://nofluffjobs.com/pl/job/senior-backend-engineer-nostos-genomics-remote-qt2if7zv
 Senior Python Cloud (AWS) Developer , PGS Software Sp z o.o. ,https://nofluffjobs.com/pl/job/senior-python-cloud-aws-developer-pgs-software-remote-tbphhvua
 Remote Senior/Principal Python Developer , PGS Software Sp z o.o. ,https://nofluffjobs.com/pl/job/remote-senior-principal-python-developer-pgs-software-pgdbzfxs
 Python Developer - junior , Sport Algorithmics and Gaming (SAG) ,https://nofluffjobs.com/pl/job/python-developer-junior-sport-algorithmics-and-gaming-sag-warsaw-xv3hop7g
 Remote Senior Python Developer , Phoenix Project ,https://nofluffjobs.com/pl/job/remote-senior-python-developer-phoenix-project-mdmx3mum
 Software Developer , DataForest ,https://nofluffjobs.com/pl/job/software-developer-dataforest-remote-p4o8wqow
 Senior Django Engineer , I2A Solutions ,https://nofluffjobs.com/pl/job/senior-django-engineer-i2a-solutions-krakow-s3xxvs1y
 Intern Python Developer , Acaisoft Poland Sp. z o.o. ,https://nofluffjobs.com/pl/job/intern-python-developer-acaisoft-poland-gdansk-mbaszhz2
 Python Data Engineer , Devire ,https://nofluffjobs.com/pl/job/python-data-engineer-devire-warszawa-wef7ddl3
 Senior R&D  Test Automation  Developer , Hitachi Energy ,https://nofluffjobs.com/pl/job/senior-r-d-test-automation-developer-hitachi-energy-krakow-5rvi4mql
 Junior Python Developer , AIUT ,https://nofluffjobs.com/pl/job/junior-python-developer-aiut-gliwice-c0hnvwbz
 Remote Senior Python Fullstack Developer , TCL Research Europe Sp. z o.o. ,https://nofluffjobs.com/pl/job/remote-senior-python-fullstack-developer-tcl-research-europe-86nuidn7
 Python Data Developer , Onwelo S.A. ,https://nofluffjobs.com/pl/job/python-data-developer-onwelo-remote-h4jqgczk
 Senior Software Engineer , Thomson Reuters ,https://nofluffjobs.com/pl/job/senior-software-engineer-thomson-reuters-remote-y5lkkhfv
 Back End Developer UI for Mobile Robots , United Robots ,https://nofluffjobs.com/pl/job/back-end-developer-ui-for-mobile-robots-united-robots-warsaw-k1b3fo4d
 Mid/Senior Backend Developer , code and soda ,https://nofluffjobs.com/pl/job/mid-senior-backend-developer-code-and-soda-budapest-wdgyl7oa
 FullStack Developer , Link Group ,https://nofluffjobs.com/pl/job/fullstack-developer-link-group-remote-v6wi0fwo
 Remote Mid/Senior Python/Django Dev , 3mk Protection sp. z o.o. ,https://nofluffjobs.com/pl/job/remote-mid-senior-python-django-dev-3mk-protection-g1qeuiz8
 Senior Software Engineer , Affirm ,https://nofluffjobs.com/pl/job/senior-software-engineer-affirm-remote-jb9jnwip
 Backend Python Developer , Szko≈Ça w Chmurze ,https://nofluffjobs.com/pl/job/backend-python-developer-szkola-w-chmurze-remote-wsoi5oze
 Software Engineer (Python) - Data&AI , Allegro ,https://nofluffjobs.com/pl/job/software-engineer-python-data-ai-allegro-poznan-vjhfw26n
 Software Engineer (Python) , Allegro ,https://nofluffjobs.com/pl/job/software-engineer-python-allegro-warszawa-lsjpfisl
 Senior Software Engineer (Python) , Allegro ,https://nofluffjobs.com/pl/job/senior-software-engineer-python-allegro-warszawa-hdybnzks
 Remote Big Data Engineer (Python + AWS) , SoftServe ,https://nofluffjobs.com/pl/job/remote-big-data-engineer-python-aws-softserve-yg6ysl0h
 Python Developer (Remote) , Riotters ,https://nofluffjobs.com/pl/job/python-developer-remote-riotters-hvzmjrjq
 Senior Backend Python Engineer (Remote) , FLYR Poland sp. z o.o.  ,https://nofluffjobs.com/pl/job/senior-backend-python-engineer-remote-flyr-poland-ryzyn9te
 Backend Python Engineer , FLYR Poland sp. z o.o.  ,https://nofluffjobs.com/pl/job/backend-python-engineer-flyr-poland-krakow-jzg9btto
 Python Developer , Glovo ,https://nofluffjobs.com/pl/job/python-developer-glovo-barcelona-no54p7ls
 Backend AWS Engineer , Grape Up ,https://nofluffjobs.com/pl/job/backend-aws-engineer-grape-up-remote-pqdsjd9e
 Remote Python Developer part time , CERP Polska sp. z o.o. ,https://nofluffjobs.com/pl/job/remote-python-developer-part-time-cerp-polska-niidus57
 Senior Data Scientist , eNET Kft. ,https://nofluffjobs.com/pl/job/senior-data-scientist-enet-kft-budapest-lqh3h0eu
 Python Developer with ETL/Azure , Lingaro ,https://nofluffjobs.com/pl/job/python-developer-with-etl-azure-lingaro-remote-yamwkfbs
 Python Developer z chemiƒÖ / biologiƒÖ , Code Poets sp. z o.o. ,https://nofluffjobs.com/pl/job/python-developer-z-chemia-biologia-code-poets-remote-vir4brk2
 Python Software Engineer with VMware , CodiLime ,https://nofluffjobs.com/pl/job/python-software-engineer-with-vmware-codilime-remote-vpu0m1eo
 Lead Senior Full Stack Developer , Samurai Labs Sp. z o.o. ,https://nofluffjobs.com/pl/job/lead-senior-full-stack-developer-samurai-labs-remote-krzsbotm
 Junior Phyton Developer , Amartus Polska Sp. z o.o. ,https://nofluffjobs.com/pl/job/junior-phyton-developer-amartus-polska-krakow-3uwxujua
 Junior Python Developer , IDEA team within Narodowe Centrum Bada≈Ñ JƒÖdrowych ,https://nofluffjobs.com/pl/job/junior-python-developer-idea-team-within-narodowe-centrum-badan-jadrowych-warszawa-xqmgrbwk
 Remote Middle Python Software Engineer , N-iX ,https://nofluffjobs.com/pl/job/remote-middle-python-software-engineer-n-ix-uypki1bh
 Senior Python Developer , Infermedica Sp z.o.o  ,https://nofluffjobs.com/pl/job/senior-python-developer-infermedica-remote-eiduxm09
 Senior/Mid Python Engineer (Remote) , Rippling ,https://nofluffjobs.com/pl/job/senior-mid-python-engineer-remote-rippling-sl3j8n6l
 Python Tech Lead (Remote) , Rippling ,https://nofluffjobs.com/pl/job/python-tech-lead-remote-rippling-h1uqpgig
 Remote Fullstack Engineer , Flyr ,https://nofluffjobs.com/pl/job/remote-fullstack-engineer-flyr-2tj2vuf4
 Python Developer , FORM ,https://nofluffjobs.com/pl/job/python-developer-form-remote-7aypi4zu
 Senior Python Developer , BinaryCortex LLC ,https://nofluffjobs.com/pl/job/senior-python-developer-binarycortex-llc-remote-i1njzxji
 Mid Python Developer , Smartpatient ,https://nofluffjobs.com/pl/job/mid-python-developer-smartpatient-remote-111hufma
 Senior Python Developer , Smartpatient ,https://nofluffjobs.com/pl/job/senior-python-developer-smartpatient-remote-ocqs1unc
 Python Tech Leader , Link Group ,https://nofluffjobs.com/pl/job/python-tech-leader-link-group-remote-qmaixgfc
 Data Engineer , Addepto ,https://nofluffjobs.com/pl/job/data-engineer-addepto-remote-yb5ak8ob
 Remote Senior Fullstack Python Developer , Dark Pool One S.A. ,https://nofluffjobs.com/pl/job/remote-senior-fullstack-python-developer-dark-pool-one-l5thk1xd
 Python Senior Developer- Remote/Wroclaw , Sofomo ,https://nofluffjobs.com/pl/job/python-senior-developer-remote-wroclaw-sofomo-3b9xotd3
 Senior Python Developer , Link Group ,https://nofluffjobs.com/pl/job/senior-python-developer-link-group-warszawa-brarf1rj
 Cloud Python Developer , Sales&More ,https://nofluffjobs.com/pl/job/cloud-python-developer-sales-more-warszawa-k39jhvnf
 Senior Python Developer , Hexaware ,https://nofluffjobs.com/pl/job/senior-python-developer-hexaware-remote-ymxaxe3g
 Remote Senior Backend Python Developer , Square One Resources ,https://nofluffjobs.com/pl/job/remote-senior-backend-python-developer-square-one-resources-skjce0qb
 Fullstack Python Developer , Helmes-Solbeg ,https://nofluffjobs.com/pl/job/fullstack-python-developer-helmes-solbeg-warszawa-6qh4xfg5
 Full Stack Software Engineer -Mid/Senior , Hearsay ,https://nofluffjobs.com/pl/job/full-stack-software-engineer-mid-senior-hearsay-budapest-ymgdelh5
 Python Developer , Talent Hills ,https://nofluffjobs.com/pl/job/python-developer-talent-hills-wroclaw-eixbb9ne
 Remote mid/senior Python Dev | ma≈Çy team , Pomagam.pl ,https://nofluffjobs.com/pl/job/remote-mid-senior-python-dev-maly-team-pomagam-pl-cxo4p4v1
 Regular & Senior Python Developer , Link Group ,https://nofluffjobs.com/pl/job/regular-senior-python-developer-link-group-remote-vfotfuwm
 Senior Python Data Engineer , TEST HR ,https://nofluffjobs.com/pl/job/senior-python-data-engineer-test-hr-krakow-wutfmqvd
 Lead Data Engineer , TEST HR ,https://nofluffjobs.com/pl/job/lead-data-engineer-test-hr-krakow-qy3qymbg
 Data Engineer Python Remote , Superdevs ,https://nofluffjobs.com/pl/job/data-engineer-python-remote-superdevs-8xn5dolp
 Senior Data Scientist , ProData Consult ,https://nofluffjobs.com/pl/job/senior-data-scientist-prodata-consult-remote-u7ejaujl
 ü§© Python Developer ü§© , NG Logic ,https://nofluffjobs.com/pl/job/python-developer-ng-logic-remote-7iqtlaqa
 Python (django) developer , Talixo Poland Sp.z.o.o ,https://nofluffjobs.com/pl/job/python-django-developer-talixo-poland-krakow-0fsznrdm
 Senior Python Engineer , MindMics.com ,https://nofluffjobs.com/pl/job/senior-python-engineer-mindmics-com-krakow-6lddxsrc
 Python  Software Developer , Hitachi Energy ,https://nofluffjobs.com/pl/job/python-software-developer-hitachi-energy-krakow-swbkdbdk
 Embedded C & Python Developer , Hitachi Energy ,https://nofluffjobs.com/pl/job/embedded-c-python-developer-hitachi-energy-krakow-zad1wmsp
 Python Cloud Developer , Grape Up ,https://nofluffjobs.com/pl/job/python-cloud-developer-grape-up-remote-buevihvg
 Fullstack Python Developer , Grape Up ,https://nofluffjobs.com/pl/job/fullstack-python-developer-grape-up-remote-a2etjb0m
 Software Engineer - Python , Egnyte ,https://nofluffjobs.com/pl/job/software-engineer-python-egnyte-remote-blp6d9r9
 Lead Software Developer , Webinterpret ,https://nofluffjobs.com/pl/job/lead-software-developer-webinterpret-remote-udihuux8
 Python Developer , Tivix Europe Sp. z o.o. ,https://nofluffjobs.com/pl/job/python-developer-tivix-europe-remote-yytxdgp1
 Senior Data Engineer , Acaisoft Poland Sp. z.o.o ,https://nofluffjobs.com/pl/job/senior-data-engineer-acaisoft-poland-remote-wf1jai5o
 Fullstack Developer (Python + JS) , Devire ,https://nofluffjobs.com/pl/job/fullstack-developer-python-js-devire-remote-3x3rzjkh
 Engineering Manager , Nomagic ,https://nofluffjobs.com/pl/job/engineering-manager-nomagic-warszawa-yyugabao
 Senior Software Engineer - Python , Egnyte ,https://nofluffjobs.com/pl/job/senior-software-engineer-python-egnyte-remote-c9pnkeyo
 Remote Python Developer , Euvic ,https://nofluffjobs.com/pl/job/remote-python-developer-euvic-nihf1sto
 Senior Python Engineer , Devire ,https://nofluffjobs.com/pl/job/senior-python-engineer-devire-remote-cunb8cuy
 Python Engineer , hubQuest ,https://nofluffjobs.com/pl/job/python-engineer-hubquest-remote-p8xd9dgo
 Python Mid Developer- Remote/Wroclaw , Sofomo ,https://nofluffjobs.com/pl/job/python-mid-developer-remote-wroclaw-sofomo-hedwp3p1
 Tech Lead / Team Lead , Consult Business Partner ,https://nofluffjobs.com/pl/job/tech-lead-team-lead-consult-business-partner-nicosia-r3bpd83a
 Data Scientist , Link Group ,https://nofluffjobs.com/pl/job/data-scientist-link-group-remote-pqnh2uc9
 Middle Python Engineer , N-iX ,https://nofluffjobs.com/pl/job/middle-python-engineer-n-ix-remote-b4jyp4m4
 Python Developer , Link Group ,https://nofluffjobs.com/pl/job/python-developer-link-group-remote-lm4jayfo
 Data Engineer Junior , AVENGA ,https://nofluffjobs.com/pl/job/data-engineer-junior-avenga-remote-txdqz5xr
 Senior Python Developer , Sigma IT Polska ,https://nofluffjobs.com/pl/job/senior-python-developer-sigma-it-polska-remote-cfmb1lqx
 Senior Fullstack Python Developer , Sigma IT Poland ,https://nofluffjobs.com/pl/job/senior-fullstack-python-developer-sigma-it-poland-remote-wl4c0fxe
 Machine Learning Engineer , Orange Polska ,https://nofluffjobs.com/pl/job/machine-learning-engineer-orange-polska-warszawa-kleuzblw
 Data Scientist , Orange Polska ,https://nofluffjobs.com/pl/job/data-scientist-orange-polska-warszawa-alertfbz
 Data Engineer , Orange Polska ,https://nofluffjobs.com/pl/job/data-engineer-orange-polska-warszawa-jkpwpgta
 Senior Python Developer , Devire ,https://nofluffjobs.com/pl/job/senior-python-developer-devire-remote-ablnczhk
 Staff Software Engineer , Nomagic ,https://nofluffjobs.com/pl/job/staff-software-engineer-nomagic-warszawa-ukxtkslv
 Junior Data Scientist , Link Group Sp. z o. o. ,https://nofluffjobs.com/pl/job/junior-data-scientist-link-group-remote-6kprybtc
 Remote Python Developer (Automotive) , Onwelo S.A. ,https://nofluffjobs.com/pl/job/remote-python-developer-automotive-onwelo-0usvm3dy
 Python Engineer , EPAM ,https://nofluffjobs.com/pl/job/python-engineer-epam-krakow-c9yg09aj
 Lead Python Engineer , EPAM ,https://nofluffjobs.com/pl/job/lead-python-engineer-epam-krakow-5pb9tich
 Senior Python Engineer , EPAM ,https://nofluffjobs.com/pl/job/senior-python-engineer-epam-krakow-flqhlp4k
 Remote Python (pySpark) Developer , Link Group ,https://nofluffjobs.com/pl/job/remote-python-pyspark-developer-link-group-izpmqedo
 Python Developer , Devire ,https://nofluffjobs.com/pl/job/python-developer-devire-remote-cez3dg1z
 Senior Python Developer (60-100%) , Datali ,https://nofluffjobs.com/pl/job/senior-python-developer-60-100-datali-remote-af4g8ds5
 Junior Systems Administrator , FIS Techlology Services (Poland) Sp. z o.o. ,https://nofluffjobs.com/pl/job/junior-systems-administrator-fis-techlology-services-poland-wroclaw-zfle5nxa
 Junior Python Developer , Termnet ,https://nofluffjobs.com/pl/job/junior-python-developer-termnet-remote-i3dnyine
 Junior Python Developer , Integree sp. z o.o. ,https://nofluffjobs.com/pl/job/junior-python-developer-integree-remote-waanqbip
 Python Developer , Chargify ,https://nofluffjobs.com/pl/job/python-developer-chargify-remote-4u08dfvw
 Fullstack Medior/Senior Engineer , Alias Innovations Kft. ,https://nofluffjobs.com/pl/job/fullstack-medior-senior-engineer-alias-innovations-kft-budapest-sct9iauu
 Devops AWS Engineer , Sigma IT Poland ,https://nofluffjobs.com/pl/job/devops-aws-engineer-sigma-it-poland-remote-kxomb0pt
 Trainee Test Engineer , Kontakt.io ,https://nofluffjobs.com/pl/job/trainee-test-engineer-kontakt-io-krakow-doecqcm7
 Test Automation Engineer with Networking , Consult Red ,https://nofluffjobs.com/pl/job/test-automation-engineer-with-networking-consult-red-wroclaw-yxi4en3x
 Data Scientist , Addepto ,https://nofluffjobs.com/pl/job/data-scientist-addepto-remote-nxftlphr
 Python Test Development Engineer , Sii Polska ,https://nofluffjobs.com/pl/job/python-test-development-engineer-sii-polska-remote-2lateipb
 Senior Test Automation Engineer , Amartus Polska Sp. z o.o. ,https://nofluffjobs.com/pl/job/senior-test-automation-engineer-amartus-polska-krakow-tq8dnrha
 Senior QA Automation Engineer , GeoComply ,https://nofluffjobs.com/pl/job/senior-qa-automation-engineer-geocomply-warszawa-mop9qxlk
 Senior DevOps Engineer , Allegro ,https://nofluffjobs.com/pl/job/senior-devops-engineer-allegro-poznan-tsmx97mk
 MLOps Engineer , MX Labs ,https://nofluffjobs.com/pl/job/mlops-engineer-mx-labs-remote-6ytwqgpf
 Software Engineer (Machine Learning) , Affirm ,https://nofluffjobs.com/pl/job/software-engineer-machine-learning-affirm-remote-az7fmw2x
 Feature Test Engineer , Avenga ,https://nofluffjobs.com/pl/job/feature-test-engineer-avenga-lodz-y5dkhknd
 Senior DevOps Engineer , N-iX ,https://nofluffjobs.com/pl/job/senior-devops-engineer-n-ix-remote-xzaixw1d
 RPA Lab , Deloitte Advisory ,https://nofluffjobs.com/pl/job/rpa-lab-deloitte-advisory-remote-9w2e6i3w
 AI LAB , Deloitte Advisory ,https://nofluffjobs.com/pl/job/ai-lab-deloitte-advisory-remote-afmbfx8d
 Senior QA Engineering Lead , TKH Technology Poland ,https://nofluffjobs.com/pl/job/senior-qa-engineering-lead-tkh-technology-poland-leszno-9txrn6df
 DevOps Engineer , Boldare ,https://nofluffjobs.com/pl/job/devops-engineer-boldare-gliwice-s0nsi5f0
 Mid QA Engineer for Linux/Android , Vewd Software ,https://nofluffjobs.com/pl/job/mid-qa-engineer-for-linux-android-vewd-software-warszawa-pfexyfam
 Big Data QA Engineer , ERGO Technology & Services ,https://nofluffjobs.com/pl/job/big-data-qa-engineer-ergo-technology-services-remote-egzqotzj
 Cloud Dev Engineer , ERGO Technology & Services ,https://nofluffjobs.com/pl/job/cloud-dev-engineer-ergo-technology-services-remote-yly2ndfc
 Xtwin - Software developer , Hitachi Energy ,https://nofluffjobs.com/pl/job/xtwin-software-developer-hitachi-energy-krakow-o17qhbqd
 Remote Junior DevOps , Antal Poland ,https://nofluffjobs.com/pl/job/remote-junior-devops-antal-poland-uwth3ntf
 Senior Quality Assurance , Hitachi Energy ,https://nofluffjobs.com/pl/job/senior-quality-assurance-hitachi-energy-krakow-xhobovqe
 Remote Python Test Automation Engineer , Shoper ,https://nofluffjobs.com/pl/job/remote-python-test-automation-engineer-shoper-y7mm3env
 Computer Vision Data Scientist ," Secret Sauce Partners, Inc. ",https://nofluffjobs.com/pl/job/computer-vision-data-scientist-secret-sauce-partners-remote-chyicyyr
 Site Reliability Engineer - Remote , Direct Communication Sp. z o.o. ,https://nofluffjobs.com/pl/job/site-reliability-engineer-remote-direct-communication-km7mgalx
 Data Engineer , Pointpack ,https://nofluffjobs.com/pl/job/data-engineer-pointpack-remote-ftdvbwrx
 Site Reliability Engineer , Box Inc. ,https://nofluffjobs.com/pl/job/site-reliability-engineer-box-warszawa-kfshp7gk
 Remote Senior DevOps Engineer , RITS Professional Services ,https://nofluffjobs.com/pl/job/remote-senior-devops-engineer-rits-professional-services-jqhhgrbh
 Data Scientist , Hays Poland ,https://nofluffjobs.com/pl/job/data-scientist-hays-poland-remote-thcngx2l
 Senior Data Scientist , Objectivity ,https://nofluffjobs.com/pl/job/senior-data-scientist-objectivity-remote-sshyneul
 DevOps Engineer , OpsTalent ,https://nofluffjobs.com/pl/job/devops-engineer-opstalent-remote-su1fbuhj
 Senior Data Scientist , hubQuest ,https://nofluffjobs.com/pl/job/senior-data-scientist-hubquest-remote-pvc8kaiu
 QA Engineer , Tivix Europe Sp. z o.o. ,https://nofluffjobs.com/pl/job/qa-engineer-tivix-europe-wroclaw-dkklemwo
 Senior Machine Learning Engineer , Devire ,https://nofluffjobs.com/pl/job/senior-machine-learning-engineer-devire-remote-6hngjk3h
 Test Automation Engineer , Billennium ,https://nofluffjobs.com/pl/job/test-automation-engineer-billennium-remote-r7lkvkjw
 Trainee Quality Assurance Engineer , Futurehome ,https://nofluffjobs.com/pl/job/trainee-quality-assurance-engineer-futurehome-krakow-8m4wqw3c
 QA Engineer with Python & VMware , CodiLime ,https://nofluffjobs.com/pl/job/qa-engineer-with-python-vmware-codilime-remote-iatcpz8q
 Remote Mid AI developer , Spectre Solutions sp. z o.o. ,https://nofluffjobs.com/pl/job/remote-mid-ai-developer-spectre-solutions-cmuto7yb
 Senior Test Automation Engineer , HARMAN Connected Services ,https://nofluffjobs.com/pl/job/senior-test-automation-engineer-harman-connected-services-lodz-slafo8yo
 Test Automation Engineer - PUSH , HARMAN Connected Services ,https://nofluffjobs.com/pl/job/test-automation-engineer-push-harman-connected-services-lodz-0fw7ngcn
 DevOps , Avenga ,https://nofluffjobs.com/pl/job/devops-avenga-remote-wk94zxs1
 Senior Data Engineer_4285 , IDBC Creative Solutions Kft. ,https://nofluffjobs.com/pl/job/senior-data-engineer-4285-idbc-creative-solutions-kft-remote-passnmvx
 QA Engineer , Synerise ,https://nofluffjobs.com/pl/job/qa-engineer-synerise-remote-vrkqw9ui
 Kubernetes Engineer / DevOps Jinja , People Trust Sp. z o.o. ,https://nofluffjobs.com/pl/job/kubernetes-engineer-devops-jinja-people-trust-remote-hvmkwki0
 QA Engineer , Webinterpret ,https://nofluffjobs.com/pl/job/qa-engineer-webinterpret-remote-1ovaqecy
 Remote Data Scientist , Varwise ,https://nofluffjobs.com/pl/job/remote-data-scientist-varwise-u7zdvbjc
 Data Scientist , AVENGA ,https://nofluffjobs.com/pl/job/data-scientist-avenga-remote-czzjkpww
 DevOps/Service Lifecycle Manager (SLM) , Avenga ,https://nofluffjobs.com/pl/job/devops-service-lifecycle-manager-slm-avenga-remote-8hu1dd77
 Data Scientist , Focal Systems ,https://nofluffjobs.com/pl/job/data-scientist-focal-systems-remote-nqyo3okp
 Team Lead - QA Engineers' team , Sky and Space Co ,https://nofluffjobs.com/pl/job/team-lead-qa-engineers-team-sky-and-space-co-remote-x3czradh
 DevOps Engineer , AVENGA ,https://nofluffjobs.com/pl/job/devops-engineer-avenga-remote-8g0xumd0
 QA Engineer , Hitachi Energy ,https://nofluffjobs.com/pl/job/qa-engineer-hitachi-energy-krakow-olz0yidg
 Quality Assurance Expert , Hitachi ABB Power Grids ,https://nofluffjobs.com/pl/job/quality-assurance-expert-hitachi-abb-power-grids-krakow-fnbr1gvq
 Python Test Automation , Hitachi Energy ,https://nofluffjobs.com/pl/job/python-test-automation-hitachi-energy-krakow-nrix9om9
 Remote Agile Test Engineer in Coredev , ESET ,https://nofluffjobs.com/pl/job/remote-agile-test-engineer-in-coredev-eset-hclhhp90
 Remote Agile Test Engineer , ESET ,https://nofluffjobs.com/pl/job/remote-agile-test-engineer-eset-i19cfdz9
 Data Scientist (Remote) , deepsense.ai Sp. z o.o. ,https://nofluffjobs.com/pl/job/data-scientist-remote-deepsense-ai-jgzeobxc
 Deep Learning Engineer , Focal Systems ,https://nofluffjobs.com/pl/job/deep-learning-engineer-focal-systems-remote-tzxnzup6
 R&D Front-end QA Specialist , Hitachi Energy ,https://nofluffjobs.com/pl/job/r-d-front-end-qa-specialist-hitachi-energy-krakow-4jvkdy4d
 Staff Software Delivery Engineer , Nomagic ,https://nofluffjobs.com/pl/job/staff-software-delivery-engineer-nomagic-warszawa-fgimiv5v
 Senior Data Scientist (A&PC) , hubQuest ,https://nofluffjobs.com/pl/job/senior-data-scientist-a-pc-hubquest-remote-41thr7bq
 Data Engineer , Ringier Axel Springer Tech ,https://nofluffjobs.com/pl/job/data-engineer-ringier-axel-springer-tech-warszawa-mb3lguat
 Senior Manual Test Engineer (IoT) , Kontakt.io ,https://nofluffjobs.com/pl/job/senior-manual-test-engineer-iot-kontakt-io-krakow-e2kx2mi2
 Release Infrastructure Engineer , Snowflake ,https://nofluffjobs.com/pl/job/release-infrastructure-engineer-snowflake-warsaw-09l2ixud
 Senior Test Automation Engineer , Hearsay ,https://nofluffjobs.com/pl/job/senior-test-automation-engineer-hearsay-budapest-omezch8w
 Remote MLOps Engineer , Link Group ,https://nofluffjobs.com/pl/job/remote-mlops-engineer-link-group-bt10xvfp
 Remote DevOps Engineer (AWS or GCP) , Mindbox S.A. ,https://nofluffjobs.com/pl/job/remote-devops-engineer-aws-or-gcp-mindbox-cdldtvcw
 Senior Quality Assurance Engineer , Hitachi Energy ,https://nofluffjobs.com/pl/job/senior-quality-assurance-engineer-hitachi-energy-krakow-uxyvonjq
 Cloud DevOps , Hitachi Energy ,https://nofluffjobs.com/pl/job/cloud-devops-hitachi-energy-krakow-nata6uyu
 Senior NLP Data Scientist , Applica Sp. z o.o. ,https://nofluffjobs.com/pl/job/senior-nlp-data-scientist-applica-remote-24pnvhyb
 Junior DevOps Engineer , Enxoo ,https://nofluffjobs.com/pl/job/junior-devops-engineer-enxoo-remote-lh9dlxno
 Test Engineer (Automotive) , Avenga ,https://nofluffjobs.com/pl/job/test-engineer-automotive-avenga-lodz-rdunnlyz
 Cloud Engineer , Unit8 SA ,https://nofluffjobs.com/pl/job/cloud-engineer-unit8-krakow-cqtame81
 DevOps Cloud Engineer (AWS) , ValueLogic Sp. z o.o. ,https://nofluffjobs.com/pl/job/devops-cloud-engineer-aws-valuelogic-remote-zkrhzsoa
 Remote Python Machine Learning Engineer , DTiQ ,https://nofluffjobs.com/pl/job/remote-python-machine-learning-engineer-dtiq-om9uibvx
 Quality Automation Engineer , Grid Dynamics ,https://nofluffjobs.com/pl/job/quality-automation-engineer-grid-dynamics-remote-cn1ld8ub
 Test Automation Engineer , AVENGA ,https://nofluffjobs.com/pl/job/test-automation-engineer-avenga-remote-boczfrwa
 Senior Data Engineer , Avenga ,https://nofluffjobs.com/pl/job/senior-data-engineer-avenga-remote-msiltnfx
 Senior Full-Stack Developer , Avenga ,https://nofluffjobs.com/pl/job/senior-full-stack-developer-avenga-poznan-wuqx7tde
 Big Data Engineer , Ringier Axel Springer Tech ,https://nofluffjobs.com/pl/job/big-data-engineer-ringier-axel-springer-tech-krakow-vxdbwisb
 Remote Azure Data Engineer , Infosys Consulting ,https://nofluffjobs.com/pl/job/remote-azure-data-engineer-infosys-consulting-r7yqrn01
 Senior Data Engineer , Sii Polska ,https://nofluffjobs.com/pl/job/senior-data-engineer-sii-polska-warszawa-yeqpofxg
 QA Engineer , SmartLunch ,https://nofluffjobs.com/pl/job/qa-engineer-smartlunch-wroclaw-edqpzlgi
 Azure Data Engineer , Lingaro ,https://nofluffjobs.com/pl/job/azure-data-engineer-lingaro-remote-iwz8g05i
 Remote Senior DevOps Engineer , Appex ,https://nofluffjobs.com/pl/job/remote-senior-devops-engineer-appex-vcm9rynm
 ETL Engineer , ERGO Technology & Services ,https://nofluffjobs.com/pl/job/etl-engineer-ergo-technology-services-warszawa-ymig7xm8
 Senior Data Scientist , Barion Payment Zrt. ,https://nofluffjobs.com/pl/job/senior-data-scientist-barion-payment-zrt-remote-71tw370y
 Snowflake Developer , Elitmind ,https://nofluffjobs.com/pl/job/snowflake-developer-elitmind-remote-zmybykbh
 Middle DevOps Engineer , IDBC Creative Solutions Kft. ,https://nofluffjobs.com/pl/job/middle-devops-engineer-idbc-creative-solutions-kft-remote-eckjnyhd
 Remote Sr QA Engineer , Silent Eight ,https://nofluffjobs.com/pl/job/remote-sr-qa-engineer-silent-eight-0yecdfeq
 Remote Senior QA Engineer , Unity Group ,https://nofluffjobs.com/pl/job/remote-senior-qa-engineer-unity-group-mvocsxjz
 DATA PLATFORM DEVOPS ENGINEER , Reply Polska ,https://nofluffjobs.com/pl/job/data-platform-devops-engineer-reply-polska-katowice-zouzljxp
 APACHE SPARK DATA ENGINEER , Reply Polska ,https://nofluffjobs.com/pl/job/apache-spark-data-engineer-reply-polska-katowice-d1kyo0mn
 Data Engineer , Beesafe Sp. z o.o. ,https://nofluffjobs.com/pl/job/data-engineer-beesafe-remote-y103cq4f
 Fullstack with C# needed - 100% REMOTELY , DevsData LLC ,https://nofluffjobs.com/pl/job/fullstack-with-c-needed-100-remotely-devsdata-llc-2cnyveyg
 ML+NLP Data Scientist , CIGen ,https://nofluffjobs.com/pl/job/ml-nlp-data-scientist-cigen-remote-rkpif8tp
 Computer Vision Tech Lead , BRAINLY ,https://nofluffjobs.com/pl/job/computer-vision-tech-lead-brainly-remote-g7hkq6nh
 Senior Test Engineer , Skelia Poland ,https://nofluffjobs.com/pl/job/senior-test-engineer-skelia-poland-remote-zh4zbczb
 Data Engineer , Talent Hills ,https://nofluffjobs.com/pl/job/data-engineer-talent-hills-remote-vuxd9thq
 Remote Middle Cloud DevOps Engineer , StaffingPartner ,https://nofluffjobs.com/pl/job/remote-middle-cloud-devops-engineer-staffingpartner-ytnuodcx
 Analityk CERT , Comcert SA ,https://nofluffjobs.com/pl/job/analityk-cert-comcert-warszawa-sgs3a8q7
 CI/CD Engineer (Software Factory) , Sigma IT Poland ,https://nofluffjobs.com/pl/job/ci-cd-engineer-software-factory-sigma-it-poland-remote-urwdqgll
 Mid/Senior Linux Administrator , Link Group ,https://nofluffjobs.com/pl/job/mid-senior-linux-administrator-link-group-remote-pxq9l3qd
 Remote Middle/Senior Python Developer , ASTEK Polska ,https://nofluffjobs.com/pl/job/remote-middle-senior-python-developer-astek-polska-nhvtjwix
 Digital Site Reliability Engineer , Motorola Solutions Systems Polska ,https://nofluffjobs.com/pl/job/digital-site-reliability-engineer-motorola-solutions-systems-polska-remote-psiqdhml
 Snowflake Engineer , Sollers Consulting ,https://nofluffjobs.com/pl/job/snowflake-engineer-sollers-consulting-warszawa-firxfuaq
 MLOps Engineer , Robotec.ai ,https://nofluffjobs.com/pl/job/mlops-engineer-robotec-ai-warszawa-yokaoe4o
 Remote Senior QA Automation Specialist , PGS Software Sp z o.o. ,https://nofluffjobs.com/pl/job/remote-senior-qa-automation-specialist-pgs-software-gqicp66m
 Remote Middle QA Automation Specialist , PGS Software Sp z o.o. ,https://nofluffjobs.com/pl/job/remote-middle-qa-automation-specialist-pgs-software-zf3tato8
 VIDEO BACK-END ENGINEER , Ooh I.C. sp zoo ,https://nofluffjobs.com/pl/job/video-back-end-engineer-ooh-i-c-remote-xeuevb8q
 Senior Azure Data Engineer , Larsen & Toubro Infotech (LTI) ,https://nofluffjobs.com/pl/job/senior-azure-data-engineer-larsen-toubro-infotech-lti-warszawa-d2ancsi9
 Remote Big Data Tech Leader , ClearScale ,https://nofluffjobs.com/pl/job/remote-big-data-tech-leader-clearscale-txi1c5yh
 Senior Data Engineer (AWS) , Link Group ,https://nofluffjobs.com/pl/job/senior-data-engineer-aws-link-group-remote-yyaei5bp
 Senior System Engineer , Devire ,https://nofluffjobs.com/pl/job/senior-system-engineer-devire-warsaw-rdporqhk
 Remote Big Data Team Lead , ClearScale ,https://nofluffjobs.com/pl/job/remote-big-data-team-lead-clearscale-l3es0tvu
 System Administrator , IT CONNECT ,https://nofluffjobs.com/pl/job/system-administrator-it-connect-lodz-eignnjp2
 Senior DevOps Engineer , NetworkedAssets Sp. z o.o. ,https://nofluffjobs.com/pl/job/senior-devops-engineer-networkedassets-remote-dnqlxoer
 Senior Big Data Developer , TCL Research Europe Sp. z o.o. ,https://nofluffjobs.com/pl/job/senior-big-data-developer-tcl-research-europe-remote-s0xqplvw
 Remote Cloud DevOps (ID: 11513) , Infopulse ,https://nofluffjobs.com/pl/job/remote-cloud-devops-id-11513-infopulse-ygqexeml
 Mid Data Engineer , Idego Group Sp. z o.o. ,https://nofluffjobs.com/pl/job/mid-data-engineer-idego-group-remote-vqaa8pzm
 Devops- 100% remote , AVENGA ,https://nofluffjobs.com/pl/job/devops-100-remote-avenga-hutw3ac4
 Data Engineer , ProData Consult ,https://nofluffjobs.com/pl/job/data-engineer-prodata-consult-remote-lb2iz4wg
 DevOps Engineer , NetworkedAssets Sp. z o.o. ,https://nofluffjobs.com/pl/job/devops-engineer-networkedassets-remote-tcg0jrba
 System Admin (not another boring job) , Bones sp. z o.o. ,https://nofluffjobs.com/pl/job/system-admin-not-another-boring-job-bones-warszawa-akxg4aqz
 C Embedded Developer , Link Group ,https://nofluffjobs.com/pl/job/c-embedded-developer-link-group-remote-tsa90362
 AWS Architect with Data Sccience focus , Roche ,https://nofluffjobs.com/pl/job/aws-architect-with-data-sccience-focus-roche-warszawa-h7vfkzjf
 Application Security Engineer , Mend (formerly WhiteSource) ,https://nofluffjobs.com/pl/job/application-security-engineer-mend-formerly-whitesource-remote-qv7ufmdz
 Machine Learning Engineer , Britenet ,https://nofluffjobs.com/pl/job/machine-learning-engineer-britenet-warszawa-nvh9vfph
 Geospatial Senior Data Engineer , Bayer ,https://nofluffjobs.com/pl/job/geospatial-senior-data-engineer-bayer-warszawa-q5y8swjb
 Data Engineer Developer , Codete ,https://nofluffjobs.com/pl/job/data-engineer-developer-codete-remote-gjigzmcm
 QA Engineer , Hitachi ABB Power Grids ,https://nofluffjobs.com/pl/job/qa-engineer-hitachi-abb-power-grids-krakow-ihdi92cc
 Data Engineer , IncepTech Kft. ,https://nofluffjobs.com/pl/job/data-engineer-inceptech-kft-budapest-i5f5tk6j
 Senior DevOps , Hitachi Energy ,https://nofluffjobs.com/pl/job/senior-devops-hitachi-energy-krakow-56exyhde
 Infrastructure and Automation Engineer , Snowflake ,https://nofluffjobs.com/pl/job/infrastructure-and-automation-engineer-snowflake-warsaw-jlosazjh
 DevOps Engineer , Wunderman Thompson Technology ,https://nofluffjobs.com/pl/job/devops-engineer-wunderman-thompson-technology-poznan-xaselnla
 Senior Data Engineer , Devire Sp. z o.o. ,https://nofluffjobs.com/pl/job/senior-data-engineer-devire-remote-denkvjti
 Site Reliability Engineer , Shelf ,https://nofluffjobs.com/pl/job/site-reliability-engineer-shelf-wroclaw-mj2yfh6m
 Team Leader (Java/e-commerce) , apreel Sp. z o.o. ,https://nofluffjobs.com/pl/job/team-leader-java-e-commerce-apreel-remote-8naujorr
 Full Stack Developer for Embedded Linux , iSMA CONTROLLI Poland S.A. ,https://nofluffjobs.com/pl/job/full-stack-developer-for-embedded-linux-isma-controlli-poland-gdansk-f5lufagj
 Data Engineer , Avanade Poland ,https://nofluffjobs.com/pl/job/data-engineer-avanade-poland-remote-mxzi7jrq
 Data Analyst , FLYR Poland sp.z.o.o ,https://nofluffjobs.com/pl/job/data-analyst-flyr-poland-krakow-ihjzuv8r
 DATA ENGINEER , Proxet ,https://nofluffjobs.com/pl/job/data-engineer-proxet-remote-ztyjldjb
 Azure Senior/Lead DevOps/Cloud Architect , SoftServe ,https://nofluffjobs.com/pl/job/azure-senior-lead-devops-cloud-architect-softserve-remote-qgwshwud
 Junior Data Analyst , ALTEN Polska ,https://nofluffjobs.com/pl/job/junior-data-analyst-alten-polska-gdansk-1daqeeyb
 Senior DevOps Engineer , Proxet ,https://nofluffjobs.com/pl/job/senior-devops-engineer-proxet-remote-sven56vx
 Remote Senior Cloud Engineer , Luxoft Poland ,https://nofluffjobs.com/pl/job/remote-senior-cloud-engineer-luxoft-poland-zt89uzk7
 Data Engineer , Sii Polska ,https://nofluffjobs.com/pl/job/data-engineer-sii-polska-remote-kddq1ydx
 Senior Cloud Services Engineer , Snowflake ,https://nofluffjobs.com/pl/job/senior-cloud-services-engineer-snowflake-warsaw-upm83zcu
 Big Data Developer , Britenet ,https://nofluffjobs.com/pl/job/big-data-developer-britenet-remote-jjwdyw9n
 Senior Cloud SRE , OpenX ,https://nofluffjobs.com/pl/job/senior-cloud-sre-openx-remote-5da9tgw1
 Product DevOps Engineer , Syncron Sp. z o.o. ,https://nofluffjobs.com/pl/job/product-devops-engineer-syncron-remote-lonzdmpm
 Data Scientist - Analytics , OpenX ,https://nofluffjobs.com/pl/job/data-scientist-analytics-openx-krakow-2tdofo49
 Senior C++ Developer , HARMAN Connected Services ,https://nofluffjobs.com/pl/job/senior-c-developer-harman-connected-services-lodz-nunsizxk
 Remote Software Engineer , MindMade Sp. z o.o. ,https://nofluffjobs.com/pl/job/remote-software-engineer-mindmade-dszjkhjs
 DevOps in Test Automation Infrastructure , Mobica Limited ,https://nofluffjobs.com/pl/job/devops-in-test-automation-infrastructure-mobica-limited-remote-g97xu5ee
 Embedded Software Developer , Dyson Sp. z o.o. ,https://nofluffjobs.com/pl/job/embedded-software-developer-dyson-krakow-riyamls9
 Trainee Web Developer , Codecool Kft. ,https://nofluffjobs.com/pl/job/trainee-web-developer-codecool-kft-budapest-qgc3olyt
 Azure DevOps Engineer , AXA Avanssur SA Sp√≥≈Çka Akcyjna Oddzia≈Ç II w Polsce ,https://nofluffjobs.com/pl/job/azure-devops-engineer-axa-avanssurspolka-akcyjna-oddzial-ii-w-polsce-remote-pfelizgh
 DevOps , Avenga ,https://nofluffjobs.com/pl/job/devops-avenga-remote-oos3xgcn
 BI Consultant , Adform Sp. z o.o. ,https://nofluffjobs.com/pl/job/bi-consultant-adform-warsaw-64ngqfjg
 Senior Software Engineer Ops Tech ," Earth Class Mail, a LegalZoom Company ",https://nofluffjobs.com/pl/job/senior-software-engineer-ops-tech-earth-class-mail-a-legalzoom-company-krakow-hwp4pu3z
 Software Engineer II Core Platforms ," Earth Class Mail, a LegalZoom Company ",https://nofluffjobs.com/pl/job/software-engineer-ii-core-platforms-earth-class-mail-a-legalzoom-company-krakow-uoyctaov
 Senior Software Engineer Core Platforms ," Earth Class Mail, a LegalZoom Company ",https://nofluffjobs.com/pl/job/senior-software-engineer-core-platforms-earth-class-mail-a-legalzoom-company-krakow-tcwmbmfq
 Group Manager Core Platforms ," Earth Class Mail, a LegalZoom Company ",https://nofluffjobs.com/pl/job/group-manager-core-platforms-earth-class-mail-a-legalzoom-company-krakow-i7emwpo9
 Staff Software Engineer - CorePlatform ," Earth Class Mail, a LegalZoom Company ",https://nofluffjobs.com/pl/job/staff-software-engineer-coreplatform-earth-class-mail-a-legalzoom-company-krakow-ohmzc7kk
 C++ Software Engineer , Motorola Solutions Systems Polska ,https://nofluffjobs.com/pl/job/c-software-engineer-motorola-solutions-systems-polska-remote-mb31txuj
 Test Automation Engineer with C# , Hays Poland ,https://nofluffjobs.com/pl/job/test-automation-engineer-with-c-hays-poland-remote-l4brvu08
 AWS Senior/Lead DevOps/Cloud Architect , SoftServe ,https://nofluffjobs.com/pl/job/aws-senior-lead-devops-cloud-architect-softserve-remote-o1lqemjc
 GCP Senior/Lead DevOps/Cloud Architect , SoftServe ,https://nofluffjobs.com/pl/job/gcp-senior-lead-devops-cloud-architect-softserve-remote-3gl0yvkp
 Cloud Data Engineer , Capgemini ,https://nofluffjobs.com/pl/job/cloud-data-engineer-capgemini-warszawa-vr4mdvc6
 Regular & Senior Node Developer , Link Group ,https://nofluffjobs.com/pl/job/regular-senior-node-developer-link-group-remote-drguyaxu
 Mid C++ Embedded Developer (Aircrafts) , Flytronic S.A. ,https://nofluffjobs.com/pl/job/mid-c-embedded-developer-aircrafts-flytronic-gliwice-r2ltfxzb
 Data Architect with AWS/Azure , GFT Poland ,https://nofluffjobs.com/pl/job/data-architect-with-aws-azure-gft-poland-remote-joyagn7w
 Regular & Senior Backend Developer , Link Group ,https://nofluffjobs.com/pl/job/regular-senior-backend-developer-link-group-remote-vd4b6jvx
 Remote Software Engineer-Compute drivers , Mobica Limited ,https://nofluffjobs.com/pl/job/remote-software-engineer-compute-drivers-mobica-limited-cvkjhfsg
 Technical Support Team Lead , Appfire ,https://nofluffjobs.com/pl/job/technical-support-team-lead-appfire-warsaw-3sqscmku
 Technical Support Engineer , Appfire ,https://nofluffjobs.com/pl/job/technical-support-engineer-appfire-warsaw-myyh6cp4
 Senior DevOps Engineer (Remote) , Appfire ,https://nofluffjobs.com/pl/job/senior-devops-engineer-remote-appfire-qu4bmidy
 DevOps Engineer , Avanade Poland ,https://nofluffjobs.com/pl/job/devops-engineer-avanade-poland-remote-6cm3ase9
 Remote PySpark Developer , Link Group ,https://nofluffjobs.com/pl/job/remote-pyspark-developer-link-group-sxrkzhyi
 Machine Learning Engineer , AVENGA ,https://nofluffjobs.com/pl/job/machine-learning-engineer-avenga-remote-9yulbsxp
 Senior Software Development Engineer , Hitachi Energy ,https://nofluffjobs.com/pl/job/senior-software-development-engineer-hitachi-energy-krakow-kydnfkzl
 Software Development Engineer , Hitachi Energy ,https://nofluffjobs.com/pl/job/software-development-engineer-hitachi-energy-krakow-xxdeob32
 SAS 4GL Developer , Avenga ,https://nofluffjobs.com/pl/job/sas-4gl-developer-avenga-remote-ewxzo8ge
 Big Data Architect (Elasticsearch) , Onwelo ,https://nofluffjobs.com/pl/job/big-data-architect-elasticsearch-onwelo-remote-xcfiihan
 Senior Data Engineer (Cloud) , GetInData ,https://nofluffjobs.com/pl/job/senior-data-engineer-cloud-getindata-remote-8qzzv9k0
 Mid Data Engineer (AWS) , GetInData ,https://nofluffjobs.com/pl/job/mid-data-engineer-aws-getindata-remote-ky61xans
 Remote AWS Data Engineer , Onwelo S.A. ,https://nofluffjobs.com/pl/job/remote-aws-data-engineer-onwelo-zrl80ao5
 Pentester/ CyberSecurity Analyst , Hitachi ABB Power Grids ,https://nofluffjobs.com/pl/job/pentester-cybersecurity-analyst-hitachi-abb-power-grids-krakow-oqhqyt0v
 Data Engineer , Infolet Sp. z o.o ,https://nofluffjobs.com/pl/job/data-engineer-infolet-krakow-zchyrqll
 Senior Cloud Security Engineer , Egnyte ,https://nofluffjobs.com/pl/job/senior-cloud-security-engineer-egnyte-remote-j1ppbqnj
 Mid/Senior Data Scientist , Link Group ,https://nofluffjobs.com/pl/job/mid-senior-data-scientist-link-group-remote-36bczpan
 Big Data Developer , Link Group ,https://nofluffjobs.com/pl/job/big-data-developer-link-group-remote-htxymevc
 Senior Data Engineer , Beesafe Sp. z o.o. ,https://nofluffjobs.com/pl/job/senior-data-engineer-beesafe-warsaw-c3v9x8on
 Senior  Engineer (Python or JavaScript) , Devire ,https://nofluffjobs.com/pl/job/senior-engineer-python-or-javascript-devire-remote-re7rurhp
 Expert Big Data Engineer , Link Group ,https://nofluffjobs.com/pl/job/expert-big-data-engineer-link-group-remote-zfe7wtts
 C++ Embedded Developer , Hays Poland ,https://nofluffjobs.com/pl/job/c-embedded-developer-hays-poland-remote-wgwx6jtu
 Python Software Architect , Merixstudio ,https://nofluffjobs.com/pl/job/python-software-architect-merixstudio-remote-l0g33kok
 Senior DevOps Engineer at Cycode , On The Spot LLC ,https://nofluffjobs.com/pl/job/senior-devops-engineer-at-cycode-on-the-spot-llc-remote-tugc4eoz
 Data Architect , Devire ,https://nofluffjobs.com/pl/job/data-architect-devire-remote-afih0qwu
 DevOps Engineer , Systell Sp. z o.o. sp.k. ,https://nofluffjobs.com/pl/job/devops-engineer-systell-sp-k-poznan-tgvfi7ks
 Mathematical modeler/data scientist , IDEA team within Narodowe Centrum Bada≈Ñ JƒÖdrowych ,https://nofluffjobs.com/pl/job/mathematical-modeler-data-scientist-idea-team-within-narodowe-centrum-badan-jadrowych-warszawa-eaxghimd
 Senior Test Automation Engineer , Avenga ,https://nofluffjobs.com/pl/job/senior-test-automation-engineer-avenga-remote-gn3sdfam
 AI Developer / Data Scientist , Algomine ,https://nofluffjobs.com/pl/job/ai-developer-data-scientist-algomine-remote-h27qqrmz
 BI Architect , Link Group ,https://nofluffjobs.com/pl/job/bi-architect-link-group-remote-mamaxf5z
 DevOps / SRE Engineer , Applica Sp. z o.o. ,https://nofluffjobs.com/pl/job/devops-sre-engineer-applica-remote-aorqluen
 Mid/Senior SRE/DevOps Engineer , Engenious ,https://nofluffjobs.com/pl/job/mid-senior-sre-devops-engineer-engenious-remote-4h3qdzlp
 Cloud DevOps Engineer , Engenious ,https://nofluffjobs.com/pl/job/cloud-devops-engineer-engenious-remote-f1v9hawt
 Senior Software Development Engineer , Hitachi Energy ,https://nofluffjobs.com/pl/job/senior-software-development-engineer-hitachi-energy-krakow-vnil5ex3
 C++ Developer , Hitachi Energy ,https://nofluffjobs.com/pl/job/c-developer-hitachi-energy-krakow-phxywybz
 Data Scientist , Dataplace.ai ,https://nofluffjobs.com/pl/job/data-scientist-dataplace-ai-warszawa-by9w5gw7
 Product Data Analyst , Adyen ,https://nofluffjobs.com/pl/job/product-data-analyst-adyen-amsterdam-cwqwvxnh
 Senior Data Engineer , Avenga ,https://nofluffjobs.com/pl/job/senior-data-engineer-avenga-remote-ilne6oaq
 Container Reliability Engineer , Link Group ,https://nofluffjobs.com/pl/job/container-reliability-engineer-link-group-remote-zmfk1bac
 Junior Golang Developer , Link Group ,https://nofluffjobs.com/pl/job/junior-golang-developer-link-group-remote-b1skieyf
 QA Automation Engineer , HigoSense ,https://nofluffjobs.com/pl/job/qa-automation-engineer-higosense-warszawa-gjmnfyne
 Remote QA Engineer , Unity Group ,https://nofluffjobs.com/pl/job/remote-qa-engineer-unity-group-hwk4aahj
 Remote Software Developer , Sparkbit sp√≥≈Çka z o.o. ,https://nofluffjobs.com/pl/job/remote-software-developer-sparkbit-spolka-z-o-o-vb5bcgyw
 Remote Senior Software Developer , Sparkbit sp√≥≈Çka z o.o. ,https://nofluffjobs.com/pl/job/remote-senior-software-developer-sparkbit-spolka-z-o-o-bf04xn3t
" Senior Data Engineer, Search Systems ", BRAINLY ,https://nofluffjobs.com/pl/job/senior-data-engineer-search-systems-brainly-remote-xogxmbe4
 Senior GCP DevOps , EPAM ,https://nofluffjobs.com/pl/job/senior-gcp-devops-epam-krakow-5gjaoye9
 QA Lead , Devire ,https://nofluffjobs.com/pl/job/qa-lead-devire-krakow-i2jppuc4
 Senior Azure DevOps , EPAM ,https://nofluffjobs.com/pl/job/senior-azure-devops-epam-krakow-f6evt8l6
 BigData upskilling program , EPAM ,https://nofluffjobs.com/pl/job/bigdata-upskilling-program-epam-katowice-wamwayhu
 Backend Software Engineer , Bidroom ,https://nofluffjobs.com/pl/job/backend-software-engineer-bidroom-remote-putc5teu
 DevOps/Cloud Software Engineer , Bidroom ,https://nofluffjobs.com/pl/job/devops-cloud-software-engineer-bidroom-remote-ruoz0iel
 Junior Automation Engineer , Hays Poland ,https://nofluffjobs.com/pl/job/junior-automation-engineer-hays-poland-krakow-enkbpgie
 Trainee DevOps , RALF-IT ,https://nofluffjobs.com/pl/job/trainee-devops-ralf-it-remote-im4plwjq
 Junior/Mid DevOps , RALF-IT ,https://nofluffjobs.com/pl/job/junior-mid-devops-ralf-it-remote-eu9zkmpf
 Remote Data Engineer , Datumo ,https://nofluffjobs.com/pl/job/remote-data-engineer-datumo-3ldo0orl
 Junior Data Analyst , Coinfirm ,https://nofluffjobs.com/pl/job/junior-data-analyst-coinfirm-remote-z0f2ogep
 Remote AI GPU Senior Software Architect , Luxoft Poland ,https://nofluffjobs.com/pl/job/remote-ai-gpu-senior-software-architect-luxoft-poland-cgzwdd54
